{
  "\u56db\u91cc\u6cb3\u677f\u5757": 189792.58969588997,
  "\u53cc\u5c97\u677f\u5757": 0,
  "\u957f\u6c5f\u4e2d\u8def\u677f\u5757": 0,
  "\u57ce\u5317\u677f\u5757": 189488.85989256995,
  "\u9ec4\u6f5c\u671b\u677f\u5757": 0,
  "\u8700\u5c71\u4e1c\u677f\u5757": 0,
  "\u51e4\u51f0\u57ce\u677f\u5757": 0,
  "\u5341\u91cc\u5e99\u677f\u5757": 0,
  "\u4e09\u91cc\u5eb5\u677f\u5757": 0,
  "\u8700\u5c71\u4ea7\u4e1a\u56ed\u677f\u5757": 0,
  "\u5927\u94fa\u5934\u677f\u5757": 0,
  "\u9ad8\u94c1\u5357\u7ad9\u677f\u5757": 0,
  "\u9a6c\u978d\u5c71\u8def\u677f\u5757": 0,
  "\u845b\u5927\u5e97\u677f\u5757": 38084.68985153199,
  "\u5357\u95e8\u6362\u4e58\u4e2d\u5fc3\u677f\u5757": 231801.33015991002,
  "\u5305\u6cb3\u5de5\u4e1a\u56ed\u677f\u5757": 79452.34025023994,
  "\u5357\u4e03\u677f\u5757": 0,
  "\u4e1c\u95e8\u6362\u4e58\u4e2d\u5fc3\u677f\u5757": 65187.45060433028,
  "\u88d5\u6eaa\u8def\u677f\u5757": 0,
  "\u957f\u6c5f\u4e1c\u8def\u677f\u5757": 0,
  "\u9f99\u5c97\u7247\u533a": 63680.93005326018,
  "\u653f\u52a1\u533a\u677f\u5757": 0,
  "\u6ee8\u6e56\u542f\u52a8\u533a\u677f\u5757": 337913.96082794014,
  "\u91d1\u878d\u540e\u53f0\u4e2d\u5fc3\u677f\u5757": 200954.9100273098,
  "\u6587\u65c5\u4e2d\u5fc3\u677f\u5757": 31141.48999999999,
  "\u7701\u5e9c\u677f\u5757": 0,
  "\u7fe1\u7fe0\u6e56\u677f\u5757": 87413.86129439995,
  "\u660e\u73e0\u5e7f\u573a\u677f\u5757": 0,
  "\u5357\u8273\u6e56\u677f\u5757": 150390.8001374798,
  "\u653f\u52a1\u5357\u677f\u5757": 0,
  "\u738b\u5480\u6e56\u677f\u5757": 205021.79000000004,
  "\u897f\u95e8\u6362\u4e58\u4e2d\u5fc3\u677f\u5757": 0,
  "\u67cf\u5830\u6e56\u677f\u5757": 35450.09999999998,
  "\u7a7a\u6e2f\u4ea7\u4e1a\u56ed\u677f\u5757": 0,
  "\u65b0\u6d77\u516c\u56ed\u677f\u5757": 0,
  "\u804c\u6559\u57ce\u677f\u5757": 47742.53999999992,
  "\u706b\u8f66\u7ad9\u677f\u5757": 0,
  "\u65b0\u868c\u57e0\u8def\u677f\u5757": 0,
  "\u9676\u51b2\u6e56\u677f\u5757": 94860.01000000001,
  "\u67cf\u5830\u79d1\u6280\u56ed\u677f\u5757": 36360.73999999999,
  "\u7d2b\u84ec\u5c71\u7247\u533a": 68046.09,
  "\u6843\u82b1\u5de5\u4e1a\u56ed\u677f\u5757": 381880.34999999986,
  "\u5c97\u96c6\u7247\u533a": 81259.54000000001,
  "\u5317\u57ce\u7247\u533a": 815828.3600000003,
  "\u5e97\u57e0\u7247\u533a": 0,
  "\u4e0a\u6d3e\u7247\u533a": 186099.02000000002,
  "\u53cc\u51e4\u5de5\u4e1a\u56ed\u677f\u5757": 1287033.6404115297,
  "\u64ae\u9547\u7247\u533a": 0
}