{
  "\u56db\u91cc\u6cb3\u677f\u5757": 352435.20969589055,
  "\u53cc\u5c97\u677f\u5757": -52734.70024017012,
  "\u957f\u6c5f\u4e2d\u8def\u677f\u5757": -4208.069868469,
  "\u57ce\u5317\u677f\u5757": 225724.5698925699,
  "\u9ec4\u6f5c\u671b\u677f\u5757": -503013.3803604096,
  "\u8700\u5c71\u4e1c\u677f\u5757": -197355.23989897966,
  "\u51e4\u51f0\u57ce\u677f\u5757": -84029.0993937701,
  "\u5341\u91cc\u5e99\u677f\u5757": -91572.349867402,
  "\u4e09\u91cc\u5eb5\u677f\u5757": -62067.12018219102,
  "\u8700\u5c71\u4ea7\u4e1a\u56ed\u677f\u5757": -20243.470368346898,
  "\u5927\u94fa\u5934\u677f\u5757": -91195.08000503498,
  "\u9ad8\u94c1\u5357\u7ad9\u677f\u5757": -55174.95021545002,
  "\u9a6c\u978d\u5c71\u8def\u677f\u5757": -183250.5097842398,
  "\u845b\u5927\u5e97\u677f\u5757": 37679.66985153104,
  "\u5357\u95e8\u6362\u4e58\u4e2d\u5fc3\u677f\u5757": 375207.6701599099,
  "\u5305\u6cb3\u5de5\u4e1a\u56ed\u677f\u5757": 78431.66025024,
  "\u5357\u4e03\u677f\u5757": -103017.70058990992,
  "\u4e1c\u95e8\u6362\u4e58\u4e2d\u5fc3\u677f\u5757": 89962.45060433028,
  "\u88d5\u6eaa\u8def\u677f\u5757": -43561.400167390006,
  "\u957f\u6c5f\u4e1c\u8def\u677f\u5757": -17498.720189019805,
  "\u9f99\u5c97\u7247\u533a": 185154.74005326023,
  "\u653f\u52a1\u533a\u677f\u5757": -257724.98150795978,
  "\u6ee8\u6e56\u542f\u52a8\u533a\u677f\u5757": 420491.9608279504,
  "\u91d1\u878d\u540e\u53f0\u4e2d\u5fc3\u677f\u5757": 409763.2700273101,
  "\u6587\u65c5\u4e2d\u5fc3\u677f\u5757": 50016.68000000017,
  "\u7701\u5e9c\u677f\u5757": 50878.75,
  "\u7fe1\u7fe0\u6e56\u677f\u5757": 175944.1412944002,
  "\u660e\u73e0\u5e7f\u573a\u677f\u5757": -239416.40936370986,
  "\u5357\u8273\u6e56\u677f\u5757": 145347.74013747973,
  "\u653f\u52a1\u5357\u677f\u5757": -123790.11984526995,
  "\u738b\u5480\u6e56\u677f\u5757": 273499.19999999995,
  "\u897f\u95e8\u6362\u4e58\u4e2d\u5fc3\u677f\u5757": -21878.650000000023,
  "\u67cf\u5830\u6e56\u677f\u5757": 130923.21999999997,
  "\u7a7a\u6e2f\u4ea7\u4e1a\u56ed\u677f\u5757": 8073.43,
  "\u65b0\u6d77\u516c\u56ed\u677f\u5757": -152828.46917358018,
  "\u804c\u6559\u57ce\u677f\u5757": 327375.0800000001,
  "\u706b\u8f66\u7ad9\u677f\u5757": -764807.65988999,
  "\u65b0\u868c\u57e0\u8def\u677f\u5757": 48361.08016129024,
  "\u9676\u51b2\u6e56\u677f\u5757": 128886.58000000007,
  "\u5e97\u57e0\u7247\u533a": -2084.6500000000087,
  "\u64ae\u9547\u7247\u533a": 36262.380000000005,
  "\u4e0a\u6d3e\u7247\u533a": 207194.33000000007,
  "\u67cf\u5830\u79d1\u6280\u56ed\u677f\u5757": 119532.59000000008,
  "\u7d2b\u84ec\u5c71\u7247\u533a": 137722.8,
  "\u6843\u82b1\u5de5\u4e1a\u56ed\u677f\u5757": 360691.97,
  "\u5c97\u96c6\u7247\u533a": 81740.19,
  "\u5317\u57ce\u7247\u533a": 833402.2000000002,
  "\u53cc\u51e4\u5de5\u4e1a\u56ed\u677f\u5757": 1402482.0504115298
}